"id","views","title"
"UC--BMyA2X4a9PGAo3lTuopg",105689500,"psychicpebbles"
"UC-A4oZF4AlOEdlyZWBCI0cQ",229121344,"JustKiddingFilms"
"UC-aSLyvFLGEmNFcGomzL47w",25690295,"Blue Table Painting"
"UC-B06UJxJ20HYv15lzrm9mA",18483830,"dillongoo"
"UC-SV8-bUJfXjrRMnp7F8Wzw",216964959,"RomanAtwoodVlogs"
"UC-vkS8J9ovJFA7krXkbA90w",55921,"Tab's Gaming Pad"
"UC04ytXliFP2zZpyFiZYvLQA",7086046,"ABCD123toast"
"UC04ZW2FS8RfUmJEa39_-JoA",23180487,"MattKeck"
"UC0UKdAt1zgLtPd1ROad03uw",10239772,"thenomadbarber"
"UC0WpDW_SigANjRWBI1USgYw",6048683,"yellowpaco"
"UC0XgKIPiuGMQNS9TXlN8b1g",103251,"JimmyCliffOfficial"
"UC13VFsJjQ8i6znmWaANwyBQ",3468683,"wonderstruckwow"
"UC1Aq3T1GmKcObLqo1YIU_Ww",2612736,"Bulletproof"
"UC1GJRS4agSRe-U_2saqsRBA",580249,"Gabe"
"UC1hwJQTym0InfsE2VZ5jPAA",957661,"Typical Douchebag"
"UC1izs4YrGRtx06zk9Xmyreg",130057116,"bowser12345"
"UC1KPy3cAAj0i0RIFC_SzjMg",896709484,"VitalyzdTv"
"UC1PjHUuvV7H0NOJzB1P-MNA",787051,"Anexonel"
"UC1r4VtVE__5K6c_L_3Vlxxg",517110631,"fouseyTUBE"
"UC1tBlhr7wCsLvoPD9cHTxlw",337977,"goosetoffoh"
"UC1Yoo3AljDem3EyA-g8IGiA",1853861,"Ryan Longson"
"UC2bF3oZhfE2cDrurqv_LvYA",17174787,"Blind Ferret Entertainment"
"UC2fzhYYqM3mNg66w2WoLZzw",73869712,"Friday Night Cranks"
"UC2IMaaY9f9YWjYivI7O6u5g",5216769,"VMComix"
"UC2K1ALhBdsAPgeXW3Pos1VQ",1321282,"GadgetReview"
"UC2kJELik5Q4pbM3Wc5HGg_A",11059936,"?????? ???????"
"UC2oRdZw_OKTsCC3Ye7v5Ztw",7916265,"mbg1211"
"UC2s0KlNEQSDfXGVPIPidxpw",11063978,"Spacevidcast (now TMRO -- see new channel)"
"UC2x1JqgAgz7i678EwEC5e2g",652517,"Internet Pariah"
"UC2zAOaSh6gpmSF8md8W2X6g",350148,"SpendthriftMonk"
"UC2_u6kWZyUART0NLr21B5lg",6795220,"Christian Cerda"
"UC3ENPy6LWLwhgrwHizj94Qg",1064904,"the RIVESTAURANT"
"UC3WRIr78g-8coweNrECStZA",8433739,"Nerf Socom Reviews"
"UC46G6oDFiaRnNMFHfTjbNhQ",670900,"Ben Giroux"
"UC49OqnouVMzGzz2AI0kXqow",1078253,"FPS"
"UC4aeJZVnRkArODElK_VZ6tA",4733731,"pineappleboyfilms"
"UC4BAyz98GyC6-aUGHQBbfVQ",341586,"Ask A Dev"
"UC4DV7Vh9Iu4KNMUsUaCtWQw",17161026,"SithLord229"
"UC4FhvdvgZU5CVbXi2uWgiZg",204797520,"TwinMuscleWorkout"
"UC4j_dUM5_PxxbW6D5R1o4tw",202214,"TechGamer180"
"UC4NIIKWFBOxPvuN3HMqegMQ",1489294,"Love Bytes - the web series"
"UC4PooiX37Pld1T8J5SYT-SQ",780917140,"Good Mythical Morning"
"UC4TJ36zKJzDnYu6Y_h29V1w",232793,"Freak Cartoon"
"UC4VppoOwM5DzVHKWx5RJiCg",27969019,"mike diva 2"
"UC5CHgjoCZvyNR1E7opn4zpw",1083020,"PixelStormFilms"
"UC5Qbo0AR3CwpmEq751BIy0g",453041,"DealGuy"
"UC5WR6t2X4wD5VCZTwULXpQQ",4533276,"Bad Weather Films"
"UC5XfHrLvqTkuM2uWBIbr_CA",16483,"The Art of Theatrical Ushery"
"UC69y0hZJEiF_drrxE50VLTQ",192475993,"The Hodgetwins"
"UC6Je0KLSDuKLfKs1lEBzKrQ",32649216,"Mike Diva"
"UC6pjGVe5KP9t_EIKhrjbGIA",181332,"Girl Pants Productions"
"UC6SDiVqnxVm2jzn7j97_dSQ",0,"Killuhbyte"
"UC6ztVC0lH1e-WMz_XrhLo9w",189761,"Metacafe Originals"
"UC7DBpVOXp7GbeFLQjMDiiGg",32099336,"Panic Attack: Scary Videos"
"UC7FP6UyeIEiqvrvpw8nFRnw",26914716,"FastingTwins"
"UC7gnV9U47_yawcpfOUnipSw",16179652,"TheNationalDex"
"UC7i1fl8_4gc4OXyKBxG_ijg",484263,"Arron Crascall"
"UC7RGwnsSAEClqqxJ9MxUhyQ",68513966,"Lucas"
"UC7x1x8sWd6GhkGBFU2qI3sA",181946,"SolidAnimations"
"UC7XQ-N5zRR6hG07urYrK7Aw",158453464,"BrandonJLa"
"UC89AgkG34oooZubVt23wzFw",5804830,"JLaservideo"
"UC8CxoZpF8h4WaAdxrY0K68Q",8355251,"Moving Mind Studio"
"UC8l8NeG2TVqG9c5rdi_5JxA",17279938,"Bloomers"
"UC8nhd-qEBMmFs-DkhBaQwww",0,"rhettandlink5"
"UC8Tfnsym905stkPOSU2-GDQ",2781848,"SEFD Pranks"
"UC8vpj0ZxGJ2ywW1gKc20H7Q",7276945,"FrostyBrain"
"UC9CjGkc79dXx9YlLiZQWPMg",6144126,"CalvinSang"
"UC9fpgObiaL7y0vULhvXTYtA",44415420,"Nerf Socom"
"UC9SSUKnJIJxUjTD3eBaymLQ",6488320,"Davidsbeenhere"
"UC9VX0KXNH20x9MCH3xGjisg",41270676,"Matthias"
"UCa4UlJxa1Pe6rzSMSEYVmSQ",4607746,"HDThrillSeeker"
"UCA6BAjtT3TAGMJP1zprhnQA",6191,"Pairings"
"UCA6rJQnIFgQOcjO-xtNV7lg",270641,"Hardisk"
"UCaBKMCNUakd9hawj3rjyxvg",38055,"superheroshorts"
"UCAd6ph8nPah18DArE_Rqssg",6701234,"Katy Towell / Childrin R Skary"
"UCaDCW_7zv6ov8A4LvVWu19w",769205,"adventuresingay"
"UCadhbedvOpIfC0ia6_yLH6g",4703487,"TryHardNinjaGAMES"
"UCah8NTcZ1Ct5ElESx5cQRlQ",15251933,"James McVinnie"
"UCAVns3lt0t7w8lmUZQFlvrA",182527912,"Paint"
"UCB27wH36AHEOHHfuB_xqBIw",107258,"AndyMogren"
"UCb4G6Wao_DeFr1dm8-a9zjg",13443870,"Kinda Funny"
"UCb4jjgJb5rtQqQN5GcypFow",34838422,"The Axis of Awesome"
"UCb9A6uotqUiuVCvVp4GMqOg",13899511,"Justin Flom"
"UCBAK1zxiH-uuU7TvblsKLGQ",70035,"Dead End Sports"
"UCbCJFW_YF7CHFYx8omN5asQ",3810212,"AndroidLifeStyle"
"UCbdEQDXioX10Oymre81n86g",309712,"Delirium"
"UCBDuHZ-6IASDQtq9YnW6Mtw",15996745,"The Magic Show"
"UCbH0iylKnvOpL6jzCA393gw",262004,"Sk3tchAnimated (Inactive)"
"UCBh1mJZ3HKQqkqIJYUdbwgg",598517,"Kyle Hatch"
"UCbje6r5t7Tn66iiTq3Cpu0Q",5063143,"Dartanion London"
"UCBJxy-CVC3mgcpVSZXUz5hA",745758,"Sasquatch Sketch Comedy"
"UCbochVIwBCzJb9I2lLGXGjQ",399441271,"Rhett & Link"
"UCBPoTSAoYaRlgEXQZcc6Fiw",17785523,"Murderbot Productions"
"UCBtOGmqQPsGdAeIT9zUOrMA",424822,"The Goreys"
"UCBUkwrswCT80a7m76Ku9VpA",1603591,"BeastlyMineTutors"
"UCBvLo0tlmRcrBS9mW0Sf3_w",6589493,"MTBtips"
"UCbwMZHCMpBiOWfYLBOH-9Qw",8967184,"TheOfficialLoganPaul"
"UCc2SEaCrcPVaH8Am0dGKgYg",394888,"Breakfast for Dinner"
"UCCcVQKtF8zHVQoTJt8NNMJA",48686241,"AfterBuzz TV"
"UCCg3Dq3nqDytJ9fKdg6zMaw",24360444,"Jose Ahonen"
